Bank,Algae,Bacterial Mat,Hydroid,Porifera,Cnidaria,Coral,Dead Coral,Echinoderm,Mollusca,Chordata,Tunicata,Misc.,Hard Bottom,Soft Bottom
Bright Bank,0.778155921,0.004443184,0.001544085,0.009768702,0.00129199,0.002836075,0.00015756,0.000283607,6.30E-05,0.000441167,0,0.000598727,0.056910569,0.143505389
East Bank,0.210718697,0.000200287,3.34E-05,0.010014354,0.008395367,0.022048269,0,0.001335247,5.01E-05,0.000584171,0.000166906,0,0.068147678,0.678305571
Geyer Bank,0.680141993,0.001074289,0.000233541,0.007356547,0.005488218,0.001821621,0.000140125,0.005394801,0,0.000723978,0,0.000233541,0.044676429,0.252714916
McGrail Bank,0.552718417,0.00317634,0.001941097,0.011664226,0.006176216,0.003776315,0.000652914,0.002064621,0,0.0007235,1.76E-05,0.000247049,0.079761422,0.337080238
West Bank,0.137637445,0.002032259,4.28E-05,0.006075386,0.005604758,0.036088649,0,0.000320883,0,0.000213922,0,0,0.045715141,0.766268772